user_id,user_name,homepage_id
1,Jamie69,2
2,Janessa13,1
3,Jolie69,6
4,Rudy.Nienow13,30
5,Elva_Kessler,36
6,Anthony.Connelly67,40
7,Olaf_Quigley61,36
8,Maverick22,47
9,Kristopher_Johns40,49
10,Vivienne_Effertz70,47
11,Oleta_Harvey,23
12,Willard64,26
13,Cara62,40
14,Providenci.Hane91,36
15,Alexys_Strosin,1
16,Laurianne_Shields80,30
17,Anthony_Schuster,2
18,Maximo69,7
19,Bertha_Kling32,10
20,Josiah7,4
21,Coralie.Armstrong99,12
22,Dayna30,49
23,Gladys.Schuster,36
24,Matteo_Casper41,14
25,Lelah.Gislason,41
26,Nicolas.Hudson49,22
27,Evert_Hilll68,13
28,Jolie_Carroll,2
29,Dave_Kutch30,5
30,Giovani.Hoppe44,10
31,Ashly_Langworth,24
32,Krystel83,4
33,Johnathon_Rau2,17
34,Lorenz_DuBuque90,30
35,Dale66,5
36,Trevor52,35
37,Sibyl_Hackett27,14
38,Arnaldo_Hayes51,22
39,Milo16,38
40,Eulah.Mraz42,31
41,Oscar38,6
42,Karli.Lind67,38
43,Hal26,18
44,Shannon29,43
45,Jeromy_Wisozk35,42
46,Rosalee16,38
47,Marielle85,5
48,Alexanne.Mitchell,21
49,Anderson_Carroll,38
50,Neha.Toy69,31
51,Cortez39,9
52,Virgil99,46
53,Yasmin42,13
54,Enrique_Boehm96,43
55,Sabryna18,42
56,Rosalee.Erdman,22
57,Augusta52,3
58,Aracely.Tillman,33
59,Fredy.Herzog45,47
60,Weston_Nolan,17
61,Sydney_Kerluke28,44
62,Norval_Veum50,23
63,Jon28,5
64,Mekhi21,27
65,Claude_Hand23,34
66,Talia34,21
67,Urban.Becker85,25
68,Elta44,6
69,Fiona.Gottlieb76,12
70,Efren70,41
71,Brennan14,13
72,Carson_Aufderhar,4
73,Jonathan_West,30
74,Houston_Robel56,11
75,Emerson60,35
